<?xml version="1.0" encoding="UTF-8" standalone="yes"?>
<addon id="repository.fsw" name="FireTV Stick World" version="0.0.1" provider-name="FTSW">
	<extension point="xbmc.addon.repository" name="Fire World Repository">
		<dir>
                <info compressed="false">https://raw.githubusercontent.com/teamuniversal/scrapers/master/_modules4all/zips/addons.xml</info>
                <checksum>https://raw.githubusercontent.com/teamuniversal/scrapers/master/_modules4all/zips/addons.xml.md5</checksum>
                <datadir zip="true">https://raw.githubusercontent.com/teamuniversal/scrapers/master/_modules4all/zips/</datadir>
            </dir>
		<info compressed="false">https://raw.githubusercontent.com/worldflixtv/repository.fsw/master/zips/addons.xml</info>
		<checksum>https://raw.githubusercontent.com/worldflixtv/repository.fsw/master/zips/addons.xml.md5</checksum>
		<datadir zip="true">https://raw.githubusercontent.com/worldflixtv/repository.fsw/master/zips/</datadir>
	</extension>
	<extension point="xbmc.addon.metadata">
		<summary lang="en">FireTV Stick World</summary>
		<description lang="en"></description>
		<genre></genre>
	</extension>
</addon>